"0",""
"0","sig.df.full <- sig.df.full[order(sig.df.full$group), ]"
"0","sig.df.mat <- sig.df.full[, -(1:2)]"
"0","sig.df.mat <- data.matrix(sig.df.mat)"
"0",""
"0","group <- data.frame(sig.df.full$group)"
"0","group <- droplevels(group)"
"0","table(group)"
"1","group
"
"1"," 0:0 "
"1","14:0 "
"1","15:0 "
"1","16:0 "
"1","16:1 "
"1","17:0 "
"1","18:0 "
"1","18:1 "
"1","18:2 "
"1","18:3 "
"1","17:1 "
"1","
"
"1","  33 "
"1","  30 "
"1","  42 "
"1","  92 "
"1","  48 "
"1","  33 "
"1","  36 "
"1","  68 "
"1","  85 "
"1","  65 "
"1","  19 "
"1","
"
"0","length(group)"
"1","[1]"
"1"," 1"
"1","
"
"0","row.names(group) <- paste0(sig.df.full$lipids, sig.df.full$group, sep = ""."")"
"0","row.names(sig.df.mat) <- paste0(sig.df.full$lipids, sig.df.full$group, sep = ""."")"
"0",""
"0","dim(sig.df.mat)"
"1","[1]"
"1"," 551"
"1","   2"
"1","
"
"0","length(group)"
"1","[1]"
"1"," 1"
"1","
"
