{"chunk_definitions":[{"chunk_id":"csetup_chunk","chunk_label":"setup","document_id":"1E78B6B9","expansion_state":0,"options":{"engine":"r","include":false,"label":"setup"},"row":33,"row_count":1,"visible":true},{"chunk_id":"c2z4eq7ma1uba","chunk_label":"pressure","document_id":"1E78B6B9","expansion_state":0,"options":{"echo":false,"engine":"r","include":false,"label":"pressure"},"row":101,"row_count":1,"visible":true},{"chunk_id":"cdw1qialphx9f","chunk_label":"unnamed-chunk-1","document_id":"6D68FD7F","expansion_state":0,"options":{"engine":"r","label":"unnamed-chunk-2","message":false,"warning":false},"row":188,"row_count":1,"visible":true},{"chunk_id":"cp3ysk3qqeqgn","chunk_label":"unnamed-chunk-2","document_id":"6D68FD7F","expansion_state":0,"options":{"echo":false,"engine":"r","fig.height":16,"fig.width":12,"include":true,"label":"unnamed-chunk-3","message":false,"warning":false},"row":215,"row_count":1,"visible":true},{"chunk_id":"clnu5mnwiccdc","chunk_label":"unnamed-chunk-3","document_id":"6D68FD7F","expansion_state":0,"options":{"echo":false,"engine":"r","fig.height":16,"fig.width":12,"include":true,"label":"unnamed-chunk-4","message":false,"warning":false},"row":245,"row_count":1,"visible":true}],"default_chunk_options":{"comment":"","echo":false,"include":false,"tidy":true,"tidy.opts":{"width.cutoff":60.00000000000000},"warning":false},"doc_write_time":1584804483,"working_dir":"data/"}