"0","ToxPI_results <- read.csv(""Patient_Clustering_ToxPi_results.csv"", header = TRUE, check.names = FALSE)"
"0",""
"0","ToxPI_results <- ToxPI_results[-c(90,1), ] "
"0",""
"0",""
"0","rownames(ToxPI_results) <- ToxPI_results$Name #Makes ToxPI_results row names the patient names"
"0",""
"0","Names <-data.frame(ToxPI_results$Name)"
"0",""
"0","ToxPI_results$`HClust Group` <- NULL"
"0","ToxPI_results$`KMeans Group` <- NULL"
"0","ToxPI_results$Source <- NULL"
"0","ToxPI_results$Name <- NULL"
"0",""
"0",""
"0","t_ToxPI_results <- t(ToxPI_results)"
"0",""
