{"chunk_definitions":[{"chunk_id":"csetup_chunk","chunk_label":"setup","document_id":"69DAE324","expansion_state":0,"options":{"engine":"r","include":false,"label":"setup"},"row":30,"row_count":1,"visible":true},{"chunk_id":"c0ui25lmtbuu4","chunk_label":"unnamed-chunk-1","document_id":"69DAE324","expansion_state":0,"options":{"engine":"r","label":"unnamed-chunk-7","message":false,"warning":false},"row":141,"row_count":1,"visible":true},{"chunk_id":"cnozrqpaka6ag","chunk_label":"unnamed-chunk-2","document_id":"69DAE324","expansion_state":0,"options":{"engine":"r","label":"unnamed-chunk-8"},"row":153,"row_count":1,"visible":true},{"chunk_id":"cf3o3ak5fw3yb","chunk_label":"unnamed-chunk-3","document_id":"69DAE324","expansion_state":0,"options":{"engine":"r","label":"unnamed-chunk-9"},"row":163,"row_count":1,"visible":true}],"default_chunk_options":{"cache":true,"echo":false},"doc_write_time":1584729147,"working_dir":"data/"}