"0","breaks <- seq(from=min(range(-5)), to=max(range(5)), length.out=100000)"
"0","midpoint <- which.min(abs(breaks - 0))"
"0","rampCol1 <- colorRampPalette(c(""#002060"", ""#0d78ca"", ""#00e8f0""))(midpoint)"
"0","rampCol2 <- colorRampPalette(c(""#ff0000"",""#b40000"",""#890000"", ""#330000""))(100000-(midpoint))"
"0","rampCols <- c(rampCol1,rampCol2)"
"0","# length(breaks) == length(paletteLength) + 1"
"0","# use floor and ceiling to deal with even/odd length pallettelengths"
"0",""
"0","rampCols <- c(rampCol1,rampCol2)"
