"0","lipids <- rownames(sig.df)"
"0","head.group <- sub(""(.*)\\(.*"" , ""\\1"", lipids)"
"0","hg1 <-as.data.frame(head.group)"
"0",""
"0","# Filter out low frequency head groups, and all strange linkers"
"0","fil <- head.group %in% c(""PC"", ""PE"", ""PI"", ""SM"", ""PG"", ""PS"", ""SQDG"", ""MGDG"", ""PA"", ""HexCer"") & !grepl("".*-"" , lipids) & !grepl(""d"" , lipids)"
"0","head.group <- head.group[fil]; sig.df <- sig.df[fil, ]; lipids <- lipids[fil];"
"0",""
"0","fa <- lipids"
"0","fa <- sub("".*\\("" , """", fa)"
"0","fa <- sub(""\\).*"" , """", fa)"
"0","fa <- sub("".*-"" , """", fa)"
"0","fa <- sub(""d"" , """", fa)"
"0","fa1 <- sub(""_"" , ""/"", fa)"
"0","fa.ls <- strsplit(fa1, split = c(""/|:""), fixed = F)"
"0",""
"0",""
"0","# inflate the fatty acid with all permutations of duplicates and triplicates"
"0","for(i in seq_along(fa.ls)) {"
"0","  if(length(fa.ls[[i]] == 2)) {"
"0","    fa.ls <-  c(fa.ls, list(fa.ls[[i]][c(3:4, 1:2)]))"
"0","    sig.df <- rbind(sig.df, sig.df[i, ])"
"0","    head.group <- c(head.group, rep(head.group[i], 1))"
"0","    fa <- c(fa, fa[i])"
"0","  } else if(length(fa.ls[[i]] == 3)) {"
"0","    fa.ls <-  c(fa.ls, list(fa.ls[[i]][c(5:6, 3:4, 1:2)]))"
"0","    fa.ls <-  c(fa.ls, list(fa.ls[[i]][c(3:4, 5:6, 1:2)]))"
"0","    fa.ls <-  c(fa.ls, list(fa.ls[[i]][c(3:4, 1:2, 5:6)]))"
"0","    fa.ls <-  c(fa.ls, list(fa.ls[[i]][c(5:6, 1:2, 3:4)]))"
"0","    fa.ls <-  c(fa.ls, list(fa.ls[[i]][c(1:2, 5:6, 3:4)]))"
"0","    sig.df <- rbind(sig.df, do.call(rbind, replicate(5, sig.df[i, ], simplify=FALSE)))"
"0","    head.group <- c(head.group, rep(head.group[i], 5))"
"0","    fa <- c(fa, rep(fa[i], 5))"
"0","  }"
"0","}"
"0",""
"0","df <- data.frame(matrix(0, nrow = length(fa.ls), ncol = 6))"
"0",""
"0","for(i in seq_along(fa.ls)) {"
"0","  df[i, 1:length(fa.ls[[i]])] <-  fa.ls[[i]]"
"0","}"
"0","df <- as.data.frame(df)"
"0",""
"0","FA1 <-paste(df$X1, df$X2, sep = "":"")"
"0","FA2 <-paste(df$X3, df$X4, sep = "":"")"
"0","fa <- paste(FA1, FA2, sep = ""_"")"
"0","lipid <- paste(head.group, fa, sep = ""("")"
"0","lipid <- paste0(lipid, sep = "")"")"
"0",""
"0","sig.df$Name = lipid"
"0","duplicated(sig.df$Name)"
"1","  [1]"
"1"," FALSE"
"1"," FALSE"
"1"," FALSE"
"1"," FALSE"
"1"," FALSE"
"1"," FALSE"
"1"," FALSE"
"1"," FALSE"
"1"," FALSE"
"1"," FALSE"
"1"," FALSE"
"1"," FALSE"
"1"," FALSE"
"1"," FALSE"
"1"," FALSE"
"1"," FALSE"
"1"," FALSE"
"1"," FALSE"
"1"," FALSE"
"1"," FALSE"
"1","
"
"1"," [21]"
"1"," FALSE"
"1"," FALSE"
"1"," FALSE"
"1"," FALSE"
"1"," FALSE"
"1"," FALSE"
"1"," FALSE"
"1"," FALSE"
"1"," FALSE"
"1"," FALSE"
"1"," FALSE"
"1"," FALSE"
"1"," FALSE"
"1"," FALSE"
"1"," FALSE"
"1"," FALSE"
"1"," FALSE"
"1"," FALSE"
"1"," FALSE"
"1"," FALSE"
"1","
"
"1"," [41]"
"1"," FALSE"
"1"," FALSE"
"1"," FALSE"
"1"," FALSE"
"1"," FALSE"
"1"," FALSE"
"1"," FALSE"
"1"," FALSE"
"1"," FALSE"
"1"," FALSE"
"1"," FALSE"
"1"," FALSE"
"1"," FALSE"
"1"," FALSE"
"1"," FALSE"
"1"," FALSE"
"1"," FALSE"
"1"," FALSE"
"1"," FALSE"
"1"," FALSE"
"1","
"
"1"," [61]"
"1"," FALSE"
"1"," FALSE"
"1"," FALSE"
"1"," FALSE"
"1"," FALSE"
"1"," FALSE"
"1"," FALSE"
"1"," FALSE"
"1"," FALSE"
"1"," FALSE"
"1"," FALSE"
"1"," FALSE"
"1"," FALSE"
"1"," FALSE"
"1"," FALSE"
"1"," FALSE"
"1"," FALSE"
"1"," FALSE"
"1"," FALSE"
"1"," FALSE"
"1","
"
"1"," [81]"
"1"," FALSE"
"1"," FALSE"
"1"," FALSE"
"1"," FALSE"
"1"," FALSE"
"1"," FALSE"
"1"," FALSE"
"1"," FALSE"
"1"," FALSE"
"1"," FALSE"
"1"," FALSE"
"1","  TRUE"
"1"," FALSE"
"1"," FALSE"
"1"," FALSE"
"1"," FALSE"
"1"," FALSE"
"1"," FALSE"
"1"," FALSE"
"1"," FALSE"
"1","
"
"1","[101]"
"1"," FALSE"
"1"," FALSE"
"1"," FALSE"
"1"," FALSE"
"1"," FALSE"
"1"," FALSE"
"1"," FALSE"
"1"," FALSE"
"1"," FALSE"
"1"," FALSE"
"1"," FALSE"
"1"," FALSE"
"1"," FALSE"
"1"," FALSE"
"1"," FALSE"
"1"," FALSE"
"1"," FALSE"
"1","  TRUE"
"1"," FALSE"
"1"," FALSE"
"1","
"
"1","[121]"
"1"," FALSE"
"1","  TRUE"
"1"," FALSE"
"1"," FALSE"
"1"," FALSE"
"1"," FALSE"
"1"," FALSE"
"1"," FALSE"
"1"," FALSE"
"1"," FALSE"
"1"," FALSE"
"1"," FALSE"
"1"," FALSE"
"1"," FALSE"
"1"," FALSE"
"1"," FALSE"
"1"," FALSE"
"1"," FALSE"
"1"," FALSE"
"1"," FALSE"
"1","
"
"1","[141]"
"1"," FALSE"
"1","  TRUE"
"1"," FALSE"
"1"," FALSE"
"1"," FALSE"
"1"," FALSE"
"1"," FALSE"
"1"," FALSE"
"1"," FALSE"
"1","  TRUE"
"1"," FALSE"
"1","  TRUE"
"1"," FALSE"
"1"," FALSE"
"1","  TRUE"
"1","  TRUE"
"1"," FALSE"
"1"," FALSE"
"1"," FALSE"
"1","  TRUE"
"1","
"
"1","[161]"
"1"," FALSE"
"1","  TRUE"
"1"," FALSE"
"1"," FALSE"
"1"," FALSE"
"1"," FALSE"
"1"," FALSE"
"1"," FALSE"
"1"," FALSE"
"1"," FALSE"
"1"," FALSE"
"1"," FALSE"
"1"," FALSE"
"1"," FALSE"
"1","  TRUE"
"1"," FALSE"
"1"," FALSE"
"1","  TRUE"
"1"," FALSE"
"1"," FALSE"
"1","
"
"0","sig.df <- sig.df[-c(92, 118, 122, 142, 150, 152, 155, 156, 160, 162, 175, 178), ]"
"0",""
"0","rownames(sig.df) <- sig.df$Name"
"0",""
"0",""
"0","#create heatmap"
"0",""
"0","hm <- data.frame(matrix(NA, nrow = length(sig.df), ncol = 10*2))"
"0","colnames(hm) <- c(""PC_Case1"", ""PC_Case2"", ""PE_Case1"", ""PE_Case2"", ""PI_Case1"", ""PI_Case2"", ""SM_Case1"", ""SM_Case2"",  ""PG_Case1"", ""PG_Case2"",  ""PS_Case1"", ""PS_Case2"",""SQDG_Case1"", ""SQDG_Case2"",""MGDG_Case1"", ""MGDG_Case2"", ""PA_Case1"",""PA_Case2"", ""HexCer_Case1"", ""HexCer_Case2"")"
"0","for(i in seq_along(row.names(sig.df))) {"
"0","  if(fa[i] %in% rownames(hm)) {"
"0","    j <- match(fa[i], rownames(hm))"
"0","    k <- match(head.group[i], c(""PC"", ""PE"", ""PI"", ""SM"", ""PG"", ""PS"",  ""SQDG"", ""MGDG"", ""PA"", ""HexCer""))"
"0","    hm[j, (2*k-1):(2*k)] <- sig.df[i, c(1, 2)]"
"0","    "
"0","  } else {"
"0","    k <- match(head.group[i], c(""PC"", ""PE"", ""PI"", ""SM"", ""PG"", ""PS"", ""SQDG"", ""MGDG"", ""PA"", ""HexCer""))"
"0","    hm[i, (2*k-1):(2*k)]<- sig.df[i, c(1, 2)]"
"0","    rownames(hm)[i] <- fa[i]"
"0","  }"
"0","}"
"0",""
"0","hm <- hm[!(rowSums(is.na(hm))==NCOL(hm)),]"
"0",""
"0",""
"0","cmpds <- read.csv(""FA_across_HG_annotation.csv"", header= TRUE)"
"0","dist1 <- read.csv(""FA_across_HG_dist.csv"", header = TRUE, row.names = 1)"
"0",""
"0",""
"0",""
"0","fa.dist <- dist(dist1)"
"0","tupgma <- upgma(fa.dist, method=""average"")"
