"0",""
"0","colors <- c(""grey80"", ""grey30"")"
"0",""
"0","#Generate Circular Dendrogram"
"0","t4 <- ggtree(tupgma, layout=""circular"", hjust = -.15, size=1.65)"
"0","#%<+% is a pipe symbol to combine datasets more efficiently"
"0","#merging circ. dend. w/ pvalue color assignments"
"0","t4 <- t4 %<+% clinical_info +"
"0","  geom_tippoint(aes(color=PD), alpha=0.75, size=6, shape = 18)+"
"0","  scale_color_manual(values =cols3) +"
"0","  theme(legend.position=""bottom"",legend.text=element_text(size=10))+"
"0","  theme(plot.margin = unit(c(0,0,0,0), ""cm""))+"
"0","  theme(text = element_text(size = 1)) +"
"0","  geom_treescale(x = NULL, y = NULL, width = 0.05, offset = 30,"
"0","                 color = ""white"", linesize = 1E-100, fontsize = 0.01)"
"0","t4 <- gheatmap(t4, to_plot2[4], offset = .01, width = 0.12, font.size = 4, colnames = T, colnames_angle = 50)  +"
"0","  scale_fill_gradientn(colors = colors, na.value = ""black"")"
"0",""
"0","open_tree(t4, 50) %>% rotate_tree(50)"
