{"chunk_definitions":[{"chunk_id":"csetup_chunk","chunk_label":"setup","document_id":"80740210","expansion_state":0,"options":{"engine":"r","include":false,"label":"setup"},"row":40,"row_count":1,"visible":true},{"chunk_id":"c3ut4nyr3oezn","chunk_label":"unnamed-chunk-1","document_id":"80740210","expansion_state":0,"options":{"engine":"r","include":false,"label":"unnamed-chunk-234"},"row":46,"row_count":1,"visible":true},{"chunk_id":"co05xi9w0apte","chunk_label":"pressure","document_id":"80740210","expansion_state":0,"options":{"echo":false,"engine":"r","include":false,"label":"pressure"},"row":85,"row_count":1,"visible":true},{"chunk_id":"cvasxwg00kfev","chunk_label":"unnamed-chunk-2","document_id":"80740210","expansion_state":0,"options":{},"row":191,"row_count":1,"visible":true},{"chunk_id":"cx12xpipu0l13","chunk_label":"unnamed-chunk-3","document_id":"80740210","expansion_state":0,"options":{},"row":218,"row_count":1,"visible":true},{"chunk_id":"cghgq4fkuhxok","chunk_label":"unnamed-chunk-4","document_id":"80740210","expansion_state":0,"options":{},"row":254,"row_count":1,"visible":true}],"default_chunk_options":{"comment":"","echo":false,"include":false,"tidy":true,"tidy.opts":{"width.cutoff":60.00000000000000},"warning":false},"doc_write_time":1583524400,"working_dir":null}