"0","p <- ggtree(tupgma, branch.length=""none"", alpha =0)"
"0","p <- p %<+% cmpds +"
"0","  geom_text(aes(label=label, fontface=""bold""), hjust = 0, vjust = 0, size=3)"
"0","p <- gheatmap(p, hm[2], offset=2, width=.15, font.size=3, colnames = T) +"
"0","    scale_fill_gradient2(low = rampCol1, high = rampCol2, mid = ""grey70"", na.value = ""grey90"", midpoint = 0)"
"0","p <- gheatmap(p, hm[4], offset=6, width=.15, font.size=3,  colnames = T) +"
"0","    scale_fill_gradient2(low = rampCol1, high = rampCol2, mid = ""grey70"", na.value = ""grey90"", midpoint = 0)"
"0","p <- gheatmap(p, hm[6], offset=10, width=.15, font.size=3,  colnames = T) +"
"0","    scale_fill_gradient2(low = rampCol1, high = rampCol2, mid = ""grey70"", na.value = ""grey90"", midpoint = 0)"
"0","p <- gheatmap(p, hm[10], offset=14, width=.15, font.size=3, colnames = T) +"
"0","    scale_fill_gradient2(low = rampCol1, high = rampCol2, mid = ""grey70"", na.value = ""grey90"", midpoint = 0)"
"0","p <- gheatmap(p, hm[12], offset=18, width=.15, font.size=3,  colnames = T) +"
"0","    scale_fill_gradient2(low = rampCol1, high = rampCol2, mid = ""grey70"", na.value = ""grey90"", midpoint = 0)"
"0","p <- gheatmap(p, hm[14], offset=22, width=.15, font.size=3, colnames = T) +"
"0","    scale_fill_gradient2(low = rampCol1, high = rampCol2, mid = ""grey70"", na.value = ""grey90"", midpoint = 0)"
"0","p <- gheatmap(p, hm[16], offset=26,width=.15, font.size=3, colnames = T) +"
"0","    scale_fill_gradient2(low = rampCol1, high = rampCol2, mid = ""grey70"", na.value = ""grey90"", midpoint = 0)"
"0","p <- gheatmap(p, hm[18], offset=30, width=.15, font.size=3, colnames = T) +"
"0","    scale_fill_gradient2(low = rampCol1, high = rampCol2, mid = ""grey70"", na.value = ""grey90"", midpoint = 0)"
"0","p"
