"0","#Generate Circular Dendrogram"
"0","t4 <- ggtree(tupgma, layout=""circular"", size=1.2)"
"0","#%<+% is a pipe symbol to combine datasets more efficiently"
"0","#merging circ. dend. w/ pvalue color assignments"
"0","t4 <- t4 %<+% clinical_info +"
"0","  geom_tippoint(aes(color=PD), alpha=0.75, size=4, shape = 15)+"
"0","  geom_text(aes(label=label, angle=angle, fontface=""bold""), hjust=-0.15, size=3)+"
"0","  scale_color_manual(values =cols3) +"
"0","  theme(legend.position=""bottom"",legend.text=element_text(size=10))+"
"0","  theme(plot.margin = unit(c(0,0,0,0), ""cm""))+"
"0","  theme(text = element_text(size = 1)) +"
"0","  geom_treescale(x = NULL, y = NULL, width = 0.5, offset = 30,"
"0","                 color = ""white"", linesize = 1E-100, fontsize = 1E-100)"
"0",""
"0","open_tree(t4, angle = 20)"
"0",""
