"0","t2d_fn <- c(""191019_Ant_M_v_T"", ""191019_Ant_B_v_T"")"
"0",""
"0","fn <- t2d_fn[1]"
"0","sig.df <- data.frame(matrix(nrow = 274, ncol = length(t2d_fn)))"
"0","for( i in 1 : length(t2d_fn)) {"
"0","  fn <- t2d_fn[i]"
"0","  df <- read.csv(paste0(fn, ""_All lipids.csv""))"
"0","  sig.df[, i] <- (df$Log2FC) "
"0","  colnames(sig.df)[i] <- fn"
"0","}"
"0",""
"0",""
"0","sig.df$LIPID <- df$LIPID"
"0","sig.df <- sig.df[c(3, 1:2)]"
"0",""
"0","lipids <- sig.df$LIPID"
"0",""
"0",""
"0",""
"0","sig.df <- unique(sig.df)"
"0",""
"0",""
"0","rownames(sig.df) <- sig.df$LIPID"
"0",""
"0","sig.df$LIPID <- NULL"
"0",""
"0",""
"0",""
"0","breaks <- seq(from=min(range(-10)), to=max(range(10)), length.out=100000)"
"0","midpoint <- which.min(abs(breaks - 0))"
"0","rampCol1 <- colorRampPalette(c(""#002060"",  ""#00e8f0""))(midpoint)"
"0","rampCol2 <- colorRampPalette(c(""#ff0000"",""#b40000"",""#890000"", ""#330000""))(100000-(midpoint))"
"0","rampCols <- c(rampCol1,rampCol2)"
"0",""
