"0","breaks <- seq(from=min(range(-5)), to=max(range(5)), length.out=100000)"
"0","midpoint <- which.min(abs(breaks - 0))"
"0","rampCol1 <- colorRampPalette(c(""#002060"", ""#0d78ca"", ""#00e8f0""))(midpoint)"
"0","rampCol2 <- colorRampPalette(c(""#ff0000"",""#b40000"",""#890000"", ""#330000""))(100000-(midpoint))"
"0","rampCols <- c(rampCol1,rampCol2)"
"0",""
"0",""
"0","#Generate Circular Dendrogram"
"0","t4 <- ggtree(tupgma, layout=""circular"", hjust = -.15, size=1.65)"
"0","#%<+% is a pipe symbol to combine datasets more efficiently"
"0","#merging circ. dend. w/ pvalue color assignments"
"0","t4 <- t4 %<+% clinical_info +"
"0","  geom_tippoint(aes(color=PD), alpha=0.75, size=6, shape = 18)+"
"0","  scale_color_manual(values =cols3) +"
"0","  theme(legend.position=""bottom"",legend.text=element_text(size=10))+"
"0","  theme(plot.margin = unit(c(0,0,0,0), ""cm""))+"
"0","  theme(text = element_text(size = 1)) +"
"0","  geom_treescale(x = NULL, y = NULL, width = 0.05, offset = 30,"
"0","                 color = ""white"", linesize = 1E-100, fontsize = 0.01)"
"0","t4 <- gheatmap(t4, to_plot2[9], offset = .12, width = 0.15, colnames = FALSE)  +"
"0","  scale_fill_gradient2(low = rampCol1, high = rampCol2, mid = ""grey70"", midpoint = 0)"
"0",""
"0","open_tree(t4, 50) %>% rotate_tree(50)"
