"0",""
"0","pheatmap(sig.df.mat, color = rampCols, breaks = breaks,annotation_row = group, cellwidth = 50, cellheight = 10, treeheight_row = 100, treeheight_col = 100,  cluster_row = F, cluster_col = F, fontsize = 10, legend = T, filename = ""FA_Heatmap_tail length order_ALL_Lipids.tiff"")"
"0",""
"0","sig.df.nonzero <- sig.df.mat[!(rowSums(is.na(sig.df.mat))==NCOL(sig.df.mat)),] "
"0",""
"0","pheatmap(sig.df.nonzero, color = rampCols, breaks = breaks,annotation_row = group, cellwidth = 50, cellheight = 10, treeheight_row = 100, treeheight_col = 100,  cluster_row = F, cluster_col = F, fontsize = 10, legend = T, filename = ""FA_Heatmap_tail length order_SIG_Lipids.tiff"")"
