"0","lipids <- rownames(sig.df)"
"0","head.group <- sub(""(.*)\\(.*"" , ""\\1"", lipids)"
"0","hg1 <-as.data.frame(head.group)"
"0",""
"0","# Filter out low frequency head groups, and all strange linkers"
"0","fil <- head.group %in% c(""PC"", ""PE"", ""PI"", ""SM"", ""PG"", ""PS"", ""TG"", ""SQDG"", ""MGDG"", ""PA"", ""HexCer"") & !grepl("".*-"" , lipids) & !grepl(""d"" , lipids)"
"0","head.group <- head.group[fil]; sig.df <- sig.df[fil, ]; lipids <- lipids[fil];"
"0",""
"0","fa <- lipids"
"0","fa <- sub("".*\\("" , """", fa)"
"0","fa <- sub(""\\).*"" , """", fa)"
"0","# fa <- sub("".*-"" , """", fa)"
"0","fa <- sub(""d"" , """", fa)"
"0","fa.ls <- strsplit(fa, split = c(""/|:""), fixed = F)"
"0",""
"0","# inflate the fatty acid with all permutations of duplicates and triplicates"
"0","for(i in seq_along(fa.ls)) {"
"0","  if(length(fa.ls[[i]] == 2)) {"
"0","    fa.ls <-  c(fa.ls, list(fa.ls[[i]][c(3:4, 1:2)]))"
"0","    sig.df <- rbind(sig.df, sig.df[i, ])"
"0","    head.group <- c(head.group, rep(head.group[i], 1))"
"0","    fa <- c(fa, fa[i])"
"0","  } else if(length(fa.ls[[i]] == 3)) {"
"0","    fa.ls <-  c(fa.ls, list(fa.ls[[i]][c(5:6, 3:4, 1:2)]))"
"0","    fa.ls <-  c(fa.ls, list(fa.ls[[i]][c(3:4, 5:6, 1:2)]))"
"0","    fa.ls <-  c(fa.ls, list(fa.ls[[i]][c(3:4, 1:2, 5:6)]))"
"0","    fa.ls <-  c(fa.ls, list(fa.ls[[i]][c(5:6, 1:2, 3:4)]))"
"0","    fa.ls <-  c(fa.ls, list(fa.ls[[i]][c(1:2, 5:6, 3:4)]))"
"0","    sig.df <- rbind(sig.df, do.call(rbind, replicate(5, sig.df[i, ], simplify=FALSE)))"
"0","    head.group <- c(head.group, rep(head.group[i], 5))"
"0","    fa <- c(fa, rep(fa[i], 5))"
"0","  }"
"0","}"
"0",""
"0","df <- data.frame(matrix(0, nrow = length(fa.ls), ncol = 6))"
"0",""
"0","for(i in seq_along(fa.ls)) {"
"0","  df[i, 1:length(fa.ls[[i]])] <-  fa.ls[[i]]"
"0","}"
"0","df <- data.matrix(df)"
"0","row.names(df) <- fa"
"0",""
"0",""
"0","#create heatmap"
"0",""
"0",""
"0","hm <- data.frame(matrix(NA, nrow = nrow(sig.df), ncol = 13*2))"
"0","colnames(hm) <- c(""PC_Bottom"", ""PE_Bottom"", ""PI_Bottom"", ""SM_Bottom"", ""PG_Bottom"", ""PS_Bottom"", ""TG_Bottom"", ""SQDG_Bottom"", ""MGDG_Bottom"", ""PA_Bottom"", ""HexCer_Bottom"", ""PC_Middle"", ""PE_Middle"", ""PI_Middle"", ""SM_Middle"", ""PI_Middle"", ""PS_Middle"", ""TG_Middle"", ""SQDG_Middle"", ""MGDG_Middle"", ""PA_Middle"", ""HexCer_Middle"")"
"0","for(i in seq_along(row.names(sig.df))) {"
"0","  if(fa[i] %in% rownames(hm)) {"
"0","    j <- match(fa[i], rownames(hm))"
"0","    k <- match(head.group[i], c(""PC"", ""PE"", ""PI"", ""SM"", ""PG"", ""PS"", ""TG"", ""SQDG"", ""MGDG"", ""PA"", ""HexCer""))"
"0","    hm[j, (2*k-1):(2*k)] <- sig.df[i, c(1, 2)]"
"0","    "
"0","  } else {"
"0","    k <- match(head.group[i], c(""PC"", ""PE"", ""PI"", ""SM"", ""PG"", ""PS"", ""TG"", ""SQDG"", ""MGDG"", ""PA"", ""HexCer""))"
"0","    hm[i, (2*k-1):(2*k)]<- sig.df[i, c(1, 2)]"
"0","    rownames(hm)[i] <- fa[i]"
"0","  }"
"0","}"
"0",""
"0","hm <- hm[!(rowSums(is.na(hm))==NCOL(hm)),]"
"0",""
"0","hm1 <- rownames_to_column(hm, var = ""rowname"")"
"0",""
"0",""
"0",""
"0","df <- as.data.frame(df)"
"0","df_ <-setDT(df, keep.rownames = TRUE)[]"
"0","df_ <- column_to_rownames(df_, var = ""rn"")"
"0",""
"0","sn1 <-subset(df_, select = c(X1,X2))"
"0","sn1 <- apply(sn1,1,paste, collapse="":"")"
"0","sn1 <- as.data.frame(sn1)"
"0","sn1 <- rownames_to_column(sn1, var = ""rowname"")"
"0",""
"0",""
"0","sn2 <-subset(df_, select = c(X3,X4))"
"0","sn2 <- apply(sn2,1,paste, collapse="":"")"
"0","sn2 <- as.data.frame(sn2)"
"0","row.names(sn2) <- df$rn"
"0","sn2 <- rownames_to_column(sn2, var = ""rowname"")"
"0",""
"0","sn <- merge(sn1,sn2, by = ""rowname"")"
"0","sn <- column_to_rownames(sn, var = ""rowname"")"
"0","sn <- rownames_to_column(sn, var = ""rowname"")"
"0","rownames(sn) <- sn$rowname"
"0",""
"0","sn$rowname <- NULL"
"0",""
"0","#write.csv(sn, ""C:/Users/mtodenki/Desktop/Ant study/191019_sn_matrix"")"
"0",""
"0",""
"0","new.data.frame <- read.csv(""C:/Users/mtodenki/Desktop/Ant study/200121_Ant_Sn_FA_position_corrected.csv"", header = TRUE)"
"0","rownames(new.data.frame) <-new.data.frame$row.ID"
"0","new.data.frame$row.ID <- NULL"
"0",""
"0",""
"0","fa.dist <- dist(new.data.frame)"
"0","tupgma <- upgma(fa.dist, method=""average"")"
