"0","knitr::opts_chunk$set(comment = """", tidy.opts = list(width.cutoff = 60), tidy = TRUE, echo = FALSE, include = FALSE, warning = FALSE)"
"0","knitr::opts_knit$set(root.dir = 'data/')"
"0","  library(httr)"
"0","  library(jsonlite)"
"0","  library(fingerprint)"
"0","  library(rcdk)"
"0","  library(ggplot2)"
"0","  library(ggtree)"
"0","  library(ape)"
"0","  library(phangorn)"
"0","  library(limma)"
"0","  library(digest)"
"0","  library(factoextra)"
"0","  library(NbClust)"
"0","  library(reshape2)"
"0","  library(scales)"
"0","  library(tibble)"
"0","  library(data.table)"
"0","  library(stringr)"
