{"chunk_definitions":[{"chunk_id":"csetup_chunk","chunk_label":"setup","document_id":"636BB754","expansion_state":0,"options":{"engine":"r","include":false,"label":"setup"},"row":34,"row_count":1,"visible":true},{"chunk_id":"ccjnwbz3zq3mm","chunk_label":"unnamed-chunk-1","document_id":"636BB754","expansion_state":0,"options":{"engine":"r","label":"transform data"},"row":55,"row_count":1,"visible":true},{"chunk_id":"czgegfvtunydh","chunk_label":"unnamed-chunk-2","document_id":"636BB754","expansion_state":0,"options":{"engine":"r","label":"recreate individual patient ToxPIs"},"row":72,"row_count":1,"visible":true},{"chunk_id":"cuacvqwy8p6rk","chunk_label":"unnamed-chunk-3","document_id":"636BB754","expansion_state":0,"options":{"engine":"r","label":"circular dendrogram"},"row":79,"row_count":1,"visible":true},{"chunk_id":"c38ga09t9lhwx","chunk_label":"unnamed-chunk-4","document_id":"636BB754","expansion_state":0,"options":{"echo":false,"engine":"r","label":"unnamed-chunk-303"},"row":93,"row_count":1,"visible":true},{"chunk_id":"cewgon0nihc5v","chunk_label":"unnamed-chunk-5","document_id":"636BB754","expansion_state":0,"options":{"echo":false,"engine":"r","fig.height":12,"fig.width":12,"include":true,"label":"unnamed-chunk-291","message":false,"warning":false},"row":112,"row_count":1,"visible":true},{"chunk_id":"c9ubrx4xvu4f2","chunk_label":"unnamed-chunk-6","document_id":"636BB754","expansion_state":0,"options":{"engine":"r","label":"unnamed-chunk-304"},"row":118,"row_count":1,"visible":true},{"chunk_id":"csv4q7tcix4pm","chunk_label":"unnamed-chunk-7","document_id":"636BB754","expansion_state":0,"options":{"engine":"r","fig.height":12,"fig.width":12,"include":true,"label":"unnamed-chunk-299","message":false,"warning":false},"row":143,"row_count":1,"visible":true},{"chunk_id":"cxfr5xie6onr1","chunk_label":"unnamed-chunk-8","document_id":"636BB754","expansion_state":0,"options":{"engine":"r","fig.height":12,"fig.width":12,"include":true,"label":"unnamed-chunk-308","message":false,"warning":false},"row":173,"row_count":1,"visible":true}],"doc_write_time":1584797146}